num_samples,method,ld_window,ld_window_kb,time_taken
100000,tskit,100,200,191.671948036
100000,plink,100,200,116.36738587399998
