num_samples,method,ld_window,ld_window_kb,time_taken
250000,tskit,10,200,310.92524398094974
250000,plink,10,200,171.7168883049162
