num_samples,method,ld_window,ld_window_kb,time_taken
10,tskit,10,200,0.18838562403107062
10,plink,10,200,0.13148908299626783
