num_samples,method,ld_window,ld_window_kb,time_taken
50000,tskit,100,200,105.51238058799993
50000,plink,100,200,39.20421611500001
