num_samples,method,ld_window,ld_window_kb,time_taken
50000,tskit,50,200,63.54475072600002
50000,plink,50,200,28.139788312000007
