num_samples,method,ld_window,ld_window_kb,time_taken
10000,tskit,10,200,7.436456972999963
10000,plink,10,200,2.169916330000035
