num_samples,method,ld_window,ld_window_kb,time_taken
1000,tskit,10,200,2.524362351046875
1000,plink,10,200,0.35364823893178254
