num_samples,method,ld_window,ld_window_kb,time_taken
10000,tskit,75,200,31.484694999000567
10000,plink,75,200,4.705146665999564
