num_samples,method,ld_window,ld_window_kb,time_taken
100,tskit,10,200,0.3877770099788904
100,plink,10,200,0.13949811802012846
