num_samples,method,ld_window,ld_window_kb,time_taken
25000,tskit,50,200,35.835490127000014
25000,plink,50,200,10.624698000000024
