num_samples,method,ld_window,ld_window_kb,time_taken
10,tskit,50,200,0.5478919589950237
10,plink,50,200,0.24887056698207743
