num_samples,method,ld_window,ld_window_kb,time_taken
75000,tskit,10,200,47.526882375000014
75000,plink,10,200,28.92675940400005
