num_samples,method,ld_window,ld_window_kb,time_taken
250000,tskit,50,200,490.5330582400784
250000,plink,50,200,187.399443487986
