num_samples,method,ld_window,ld_window_kb,time_taken
25000,tskit,10,200,25.97824668100003
25000,plink,10,200,7.642231986000013
