num_samples,method,ld_window,ld_window_kb,time_taken
50000,tskit,10,200,30.867125121000015
50000,plink,10,200,15.843241092000028
