num_samples,method,ld_window,ld_window_kb,time_taken
100,tskit,75,200,2.5920800569999756
100,plink,75,200,0.272293938999951
