num_samples,method,ld_window,ld_window_kb,time_taken
10000,tskit,100,200,59.435494112898596
10000,plink,100,200,7.749620954040438
