num_samples,method,ld_window,ld_window_kb,time_taken
100,tskit,50,200,1.0429827169864438
100,plink,50,200,0.22242106901830994
