num_samples,method,ld_window,ld_window_kb,time_taken
100000,tskit,10,200,62.70811951000002
100000,plink,10,200,41.43283261600004
