num_samples,method,ld_window,ld_window_kb,time_taken
10000,tskit,50,200,32.35324918600003
10000,plink,50,200,3.72544667599999
