num_samples,method,ld_window,ld_window_kb,time_taken
10,tskit,75,200,0.628262131999918
10,plink,75,200,0.24043342899994968
