num_samples,method,ld_window,ld_window_kb,time_taken
10,tskit,100,200,0.8031614220000165
10,plink,100,200,0.21696121500008303
