num_samples,method,ld_window,ld_window_kb,time_taken
1000,tskit,50,200,5.608133194036782
1000,plink,50,200,0.43180274998303503
