num_samples,method,ld_window,ld_window_kb,time_taken
25000,tskit,100,200,64.73091869000007
25000,plink,100,200,16.061935560999927
