num_samples,method,ld_window,ld_window_kb,time_taken
1000,tskit,50,500,8.701691277000009
1000,plink,50,500,0.5415859479999767
