num_samples,method,ld_window,ld_window_kb,time_taken
25000,tskit,75,500,50.92978459
25000,plink,75,500,13.55309987000004
25000,tskit,75,500,48.763202366997575
25000,plink,75,500,9.258706152999366
