num_samples,method,ld_window,ld_window_kb,time_taken
100,tskit,50,500,1.0762806339999997
100,plink,50,500,0.23194897400003356
