num_samples,method,ld_window,ld_window_kb,time_taken
10,tskit,50,500,0.4484952189999376
10,plink,50,500,0.1944131569999854
