num_samples,method,ld_window,ld_window_kb,time_taken
100000,tskit,75,500,144.770166023
100000,plink,75,500,90.81495412999999
100000,tskit,75,500,192.55229459299971
100000,plink,75,500,115.97819515399988
