num_samples,method,ld_window,ld_window_kb,time_taken
1000,tskit,75,500,6.7556740869999885
1000,plink,75,500,0.9826741839999613
1000,tskit,75,500,6.422687040000028
1000,plink,75,500,0.6408836969999356
