num_samples,method,ld_window,ld_window_kb,time_taken
75000,tskit,100,500,144.053275553
75000,plink,100,500,169.19428470400004
75000,tskit,100,500,189.77132888999995
75000,plink,100,500,79.61975600100004
