num_samples,method,ld_window,ld_window_kb,time_taken
10000,tskit,75,500,32.52350048799997
10000,plink,75,500,4.328471351000019
10000,tskit,75,500,27.211070018999976
10000,plink,75,500,3.170864626000025
