num_samples,method,ld_window,ld_window_kb,time_taken
250000,tskit,10,500,307.7345917089842
250000,plink,10,500,80.13542592304293
