num_samples,method,ld_window,ld_window_kb,time_taken
10,tskit,10,500,0.17385525899999266
10,plink,10,500,0.10476740699994025
