num_samples,method,ld_window,ld_window_kb,time_taken
10000,tskit,50,500,19.160202013000003
10000,plink,50,500,3.346621753000022
