num_samples,method,ld_window,ld_window_kb,time_taken
10000,tskit,10,500,10.49679628299998
10000,plink,10,500,0.8030331520000118
