num_samples,method,ld_window,ld_window_kb,time_taken
25000,tskit,50,500,35.527656188001856
25000,plink,50,500,6.428033886000776
