num_samples,method,ld_window,ld_window_kb,time_taken
100,tskit,75,500,1.5123652970000308
100,plink,75,500,0.2892302209999684
