num_samples,method,ld_window,ld_window_kb,time_taken
10,tskit,100,500,1.1983308110002326
10,plink,100,500,0.30411001299944473
