num_samples,method,ld_window,ld_window_kb,time_taken
1000,tskit,100,500,15.113017961000025
1000,plink,100,500,1.220477881000022
1000,tskit,100,500,8.591182011
1000,plink,100,500,0.6746884220000311
