num_samples,method,ld_window,ld_window_kb,time_taken
50000,tskit,75,500,79.87109808600002
50000,plink,75,500,32.006496956000035
50000,tskit,75,500,106.05977421600005
50000,plink,75,500,44.81273870399991
