num_samples,method,ld_window,ld_window_kb,time_taken
100,tskit,100,500,2.050472814999978
100,plink,100,500,0.2859876890000237
