num_samples,method,ld_window,ld_window_kb,time_taken
10000,tskit,100,500,34.77385506600001
10000,plink,100,500,5.582280017000016
10000,tskit,100,500,34.70097994400004
10000,plink,100,500,5.572002268999995
