num_samples,method,ld_window,ld_window_kb,time_taken
25000,tskit,100,500,61.34312686200002
25000,plink,100,500,15.973577827000042
25000,tskit,100,500,83.92165902600027
25000,plink,100,500,18.918803234000734
