num_samples,method,ld_window,ld_window_kb,time_taken
50000,tskit,100,500,107.74752832299998
50000,plink,100,500,31.761310121999998
50000,tskit,100,500,131.35906092599907
50000,plink,100,500,46.04354663199956
