num_samples,method,ld_window,ld_window_kb,time_taken
75000,tskit,75,500,116.816944525
75000,plink,75,500,58.23806605499999
75000,tskit,75,500,141.86918669499937
75000,plink,75,500,79.07235727999978
