num_samples,method,ld_window,ld_window_kb,time_taken
100000,tskit,100,500,177.06850316500004
100000,plink,100,500,101.19582904999999
100000,tskit,100,500,236.32305932100007
100000,plink,100,500,114.94703431200014
100000,tskit,100,500,196.11327500699554
100000,plink,100,500,107.12440667802002
