num_samples,method,ld_window,ld_window_kb,time_taken
250000,tskit,100,500,415.373278763
250000,plink,100,500,327.25023211100006
