num_samples,method,ld_window,ld_window_kb,time_taken
25000,tskit,10,500,14.98703397700001
25000,plink,10,500,6.710845377999988
