num_samples,method,ld_window,ld_window_kb,time_taken
1000,tskit,10,500,1.3874065190000238
1000,plink,10,500,0.25695225700007995
