num_samples,method,ld_window,ld_window_kb,time_taken
75000,tskit,50,500,86.868102749
75000,plink,50,500,46.123719685000026
