num_samples,method,ld_window,ld_window_kb,time_taken
50000,tskit,10,500,30.40019799998845
50000,plink,10,500,16.036141421005595
